Name,Income,Expenses,Savings,Percent

Kaustav,4500000,3000000,1500000,33.33333333333333
45K,45000,30000,15000,33.33333333333333
abcd,4500000,30000,4470000,99.33333333333333
abcdef,4500000,3000000,1500000,33.33333333333333
abcdef,3000000,150000,2850000,95.0
